<DataBase>
 <ConnectionInfo>
  <DBKey>1</DBKey>
  <UserID>sa</UserID>
  <password></password>
  <DataSource>KCI890</DataSource> 
  <InitialCatalog>ConstructionDemo</InitialCatalog> 
  <Connectiontimeout>230</Connectiontimeout>
  <MultipleActiveResultSets>false</MultipleActiveResultSets>
  <AsynchronousProcessing>false</AsynchronousProcessing>
  </ConnectionInfo>
 <ConnectionInfo>
  <DBKey>2</DBKey>
  <UserID>sa</UserID>
  <password></password>
  <DataSource>KCI890</DataSource> 
  <InitialCatalog>ConstructionDemo</InitialCatalog> 
  <Connectiontimeout>230</Connectiontimeout>
  <MultipleActiveResultSets>false</MultipleActiveResultSets>
  <AsynchronousProcessing>false</AsynchronousProcessing>
  </ConnectionInfo>
 <ConnectionInfo>
  <DBKey>3</DBKey>
  <UserID>sa</UserID>
  <password></password>
  <DataSource>KCI890</DataSource> 
  <InitialCatalog>ConstructionDemo</InitialCatalog> 
  <Connectiontimeout>230</Connectiontimeout>
  <MultipleActiveResultSets>false</MultipleActiveResultSets>
  <AsynchronousProcessing>false</AsynchronousProcessing>
  </ConnectionInfo>
</DataBase>

 