<?xml version="1.0" standalone="yes"?>
<Ds_SimpleBarChart xmlns="http://tempuri.org/Ds_SimpleBarChart.xsd">
  <xs:schema id="Ds_SimpleBarChart" targetNamespace="http://tempuri.org/Ds_SimpleBarChart.xsd" xmlns:mstns="http://tempuri.org/Ds_SimpleBarChart.xsd" xmlns="http://tempuri.org/Ds_SimpleBarChart.xsd" xmlns:xs="http://www.w3.org/2001/XMLSchema" xmlns:msdata="urn:schemas-microsoft-com:xml-msdata" attributeFormDefault="qualified" elementFormDefault="qualified">
    <xs:element name="Ds_SimpleBarChart" msdata:IsDataSet="true">
      <xs:complexType>
        <xs:choice maxOccurs="unbounded">
          <xs:element name="DtGraph">
            <xs:complexType>
              <xs:sequence>
                <xs:element name="legendtype" type="xs:string" minOccurs="0" />
                <xs:element name="label" type="xs:string" minOccurs="0" />
                <xs:element name="Data" type="xs:decimal" minOccurs="0" />
                <xs:element name="LocationNumber" type="xs:int" minOccurs="0" />
              </xs:sequence>
            </xs:complexType>
          </xs:element>
          <xs:element name="DtHeader">
            <xs:complexType>
              <xs:sequence>
                <xs:element name="company" type="xs:string" minOccurs="0" />
                <xs:element name="reporttitle" type="xs:string" minOccurs="0" />
                <xs:element name="userid" type="xs:string" minOccurs="0" />
                <xs:element name="version" type="xs:string" minOccurs="0" />
                <xs:element name="subtitle1" type="xs:string" minOccurs="0" />
                <xs:element name="subtitle2" type="xs:string" minOccurs="0" />
                <xs:element name="footer" type="xs:string" minOccurs="0" />
                <xs:element name="footnotes" type="xs:string" minOccurs="0" />
              </xs:sequence>
            </xs:complexType>
          </xs:element>
          <xs:element name="DtLocation">
            <xs:complexType>
              <xs:sequence>
                <xs:element name="LocationName" type="xs:string" minOccurs="0" />
                <xs:element name="LocationNumber" type="xs:int" />
              </xs:sequence>
            </xs:complexType>
          </xs:element>
        </xs:choice>
      </xs:complexType>
      <xs:unique name="key1">
        <xs:selector xpath=".//mstns:DtLocation" />
        <xs:field xpath="mstns:LocationNumber" />
      </xs:unique>
      <xs:keyref name="DtRegionDtGraph" refer="key1">
        <xs:selector xpath=".//mstns:DtGraph" />
        <xs:field xpath="mstns:LocationNumber" />
      </xs:keyref>
    </xs:element>
  </xs:schema>
  <DtGraph>
    <legendtype>1-Labor</legendtype>
    <label>Jan 03</label>
    <Data>5000</Data>
    <LocationNumber>1</LocationNumber>
  </DtGraph>
  <DtGraph>
    <legendtype>2-Materials</legendtype>
    <label>Jan 03</label>
    <Data>1000</Data>
    <LocationNumber>1</LocationNumber>
  </DtGraph>
  <DtGraph>
    <legendtype>3-Fuel</legendtype>
    <label>Jan 03</label>
    <Data>500</Data>
    <LocationNumber>1</LocationNumber>
  </DtGraph>
  <DtGraph>
    <legendtype>4-Petty Cash</legendtype>
    <label>Jan 03</label>
    <Data>100</Data>
    <LocationNumber>1</LocationNumber>
  </DtGraph>
  <DtGraph>
    <legendtype>1-Labor</legendtype>
    <label>Feb 03</label>
    <Data>6000</Data>
    <LocationNumber>1</LocationNumber>
  </DtGraph>
  <DtGraph>
    <legendtype>2-Materials</legendtype>
    <label>Feb 03</label>
    <Data>2000</Data>
    <LocationNumber>1</LocationNumber>
  </DtGraph>
  <DtGraph>
    <legendtype>3-Fuel</legendtype>
    <label>Feb 03</label>
    <Data>50</Data>
    <LocationNumber>1</LocationNumber>
  </DtGraph>
  <DtGraph>
    <legendtype>4-Petty Cash</legendtype>
    <label>Feb 03</label>
    <Data>200</Data>
    <LocationNumber>1</LocationNumber>
  </DtGraph>
  <DtGraph>
    <legendtype>1-Labor</legendtype>
    <label>Mar 03</label>
    <Data>500</Data>
    <LocationNumber>1</LocationNumber>
  </DtGraph>
  <DtGraph>
    <legendtype>2-Materials</legendtype>
    <label>Mar 03</label>
    <Data>1000</Data>
    <LocationNumber>1</LocationNumber>
  </DtGraph>
  <DtGraph>
    <legendtype>3-Fuel</legendtype>
    <label>Mar 03</label>
    <Data>200</Data>
    <LocationNumber>1</LocationNumber>
  </DtGraph>
  <DtGraph>
    <legendtype>4-Petty Cash</legendtype>
    <label>Mar 03</label>
    <Data>1000</Data>
    <LocationNumber>1</LocationNumber>
  </DtGraph>
  <DtGraph>
    <legendtype>1-Labor</legendtype>
    <label>Apr 03</label>
    <Data>7000</Data>
    <LocationNumber>1</LocationNumber>
  </DtGraph>
  <DtGraph>
    <legendtype>2-Materials</legendtype>
    <label>Apr 03</label>
    <Data>2000</Data>
    <LocationNumber>1</LocationNumber>
  </DtGraph>
  <DtGraph>
    <legendtype>3-Fuel</legendtype>
    <label>Apr 03</label>
    <Data>500</Data>
    <LocationNumber>1</LocationNumber>
  </DtGraph>
  <DtGraph>
    <legendtype>4-Petty Cash</legendtype>
    <label>Apr 03</label>
    <Data>100</Data>
    <LocationNumber>1</LocationNumber>
  </DtGraph>
  <DtGraph>
    <legendtype>1-Labor</legendtype>
    <label>May 03</label>
    <Data>5000</Data>
    <LocationNumber>1</LocationNumber>
  </DtGraph>
  <DtGraph>
    <legendtype>2-Materials</legendtype>
    <label>May 03</label>
    <Data>1000</Data>
    <LocationNumber>1</LocationNumber>
  </DtGraph>
  <DtGraph>
    <legendtype>3-Fuel</legendtype>
    <label>May 03</label>
    <Data>500</Data>
    <LocationNumber>1</LocationNumber>
  </DtGraph>
  <DtGraph>
    <legendtype>4-Petty Cash</legendtype>
    <label>May 03</label>
    <Data>100</Data>
    <LocationNumber>1</LocationNumber>
  </DtGraph>
  <DtGraph>
    <legendtype>1-Labor</legendtype>
    <label>Jun 03</label>
    <Data>6000</Data>
    <LocationNumber>1</LocationNumber>
  </DtGraph>
  <DtGraph>
    <legendtype>2-Materials</legendtype>
    <label>Jun 03</label>
    <Data>2000</Data>
    <LocationNumber>1</LocationNumber>
  </DtGraph>
  <DtGraph>
    <legendtype>3-Fuel</legendtype>
    <label>Jun 03</label>
    <Data>50</Data>
    <LocationNumber>1</LocationNumber>
  </DtGraph>
  <DtGraph>
    <legendtype>4-Petty Cash</legendtype>
    <label>Jun 03</label>
    <Data>200</Data>
    <LocationNumber>1</LocationNumber>
  </DtGraph>
  <DtGraph>
    <legendtype>1-Labor</legendtype>
    <label>Jul 03</label>
    <Data>500</Data>
    <LocationNumber>1</LocationNumber>
  </DtGraph>
  <DtGraph>
    <legendtype>2-Materials</legendtype>
    <label>Jul 03</label>
    <Data>1000</Data>
    <LocationNumber>1</LocationNumber>
  </DtGraph>
  <DtGraph>
    <legendtype>3-Fuel</legendtype>
    <label>Jul 03</label>
    <Data>200</Data>
    <LocationNumber>1</LocationNumber>
  </DtGraph>
  <DtGraph>
    <legendtype>4-Petty Cash</legendtype>
    <label>Jul 03</label>
    <Data>1000</Data>
    <LocationNumber>1</LocationNumber>
  </DtGraph>
  <DtGraph>
    <legendtype>1-Labor</legendtype>
    <label>Aug 03</label>
    <Data>7000</Data>
    <LocationNumber>1</LocationNumber>
  </DtGraph>
  <DtGraph>
    <legendtype>2-Materials</legendtype>
    <label>Aug 03</label>
    <Data>2000</Data>
    <LocationNumber>1</LocationNumber>
  </DtGraph>
  <DtGraph>
    <legendtype>3-Fuel</legendtype>
    <label>Aug 03</label>
    <Data>500</Data>
    <LocationNumber>1</LocationNumber>
  </DtGraph>
  <DtGraph>
    <legendtype>4-Petty Cash</legendtype>
    <label>Aug 03</label>
    <Data>100</Data>
    <LocationNumber>1</LocationNumber>
  </DtGraph>
  <DtGraph>
    <legendtype>1-Labor</legendtype>
    <label>Sep 03</label>
    <Data>5000</Data>
    <LocationNumber>1</LocationNumber>
  </DtGraph>
  <DtGraph>
    <legendtype>2-Materials</legendtype>
    <label>Sep 03</label>
    <Data>1000</Data>
    <LocationNumber>1</LocationNumber>
  </DtGraph>
  <DtGraph>
    <legendtype>3-Fuel</legendtype>
    <label>Sep 03</label>
    <Data>500</Data>
    <LocationNumber>1</LocationNumber>
  </DtGraph>
  <DtGraph>
    <legendtype>4-Petty Cash</legendtype>
    <label>Sep 03</label>
    <Data>100</Data>
    <LocationNumber>1</LocationNumber>
  </DtGraph>
  <DtGraph>
    <legendtype>1-Labor</legendtype>
    <label>Oct 03</label>
    <Data>6000</Data>
    <LocationNumber>1</LocationNumber>
  </DtGraph>
  <DtGraph>
    <legendtype>2-Materials</legendtype>
    <label>Oct 03</label>
    <Data>2000</Data>
    <LocationNumber>1</LocationNumber>
  </DtGraph>
  <DtGraph>
    <legendtype>3-Fuel</legendtype>
    <label>Oct 03</label>
    <Data>50</Data>
    <LocationNumber>1</LocationNumber>
  </DtGraph>
  <DtGraph>
    <legendtype>4-Petty Cash</legendtype>
    <label>Oct 03</label>
    <Data>200</Data>
    <LocationNumber>1</LocationNumber>
  </DtGraph>
  <DtGraph>
    <legendtype>1-Labor</legendtype>
    <label>Nov 03</label>
    <Data>500</Data>
    <LocationNumber>1</LocationNumber>
  </DtGraph>
  <DtGraph>
    <legendtype>2-Materials</legendtype>
    <label>Nov 03</label>
    <Data>1000</Data>
    <LocationNumber>1</LocationNumber>
  </DtGraph>
  <DtGraph>
    <legendtype>3-Fuel</legendtype>
    <label>Nov 03</label>
    <Data>200</Data>
    <LocationNumber>1</LocationNumber>
  </DtGraph>
  <DtGraph>
    <legendtype>4-Petty Cash</legendtype>
    <label>Nov 03</label>
    <Data>1000</Data>
    <LocationNumber>1</LocationNumber>
  </DtGraph>
  <DtGraph>
    <legendtype>1-Labor</legendtype>
    <label>Dec 03</label>
    <Data>7000</Data>
    <LocationNumber>1</LocationNumber>
  </DtGraph>
  <DtGraph>
    <legendtype>2-Materials</legendtype>
    <label>Dec 03</label>
    <Data>2000</Data>
    <LocationNumber>1</LocationNumber>
  </DtGraph>
  <DtGraph>
    <legendtype>3-Fuel</legendtype>
    <label>Dec 03</label>
    <Data>500</Data>
    <LocationNumber>1</LocationNumber>
  </DtGraph>
  <DtGraph>
    <legendtype>4-Petty Cash</legendtype>
    <label>Dec 03</label>
    <Data>100</Data>
    <LocationNumber>1</LocationNumber>
  </DtGraph>
  <DtGraph>
    <legendtype>1-Labor</legendtype>
    <label>Jan 04</label>
    <Data>5000</Data>
    <LocationNumber>1</LocationNumber>
  </DtGraph>
  <DtGraph>
    <legendtype>2-Materials</legendtype>
    <label>Jan 04</label>
    <Data>1000</Data>
    <LocationNumber>1</LocationNumber>
  </DtGraph>
  <DtGraph>
    <legendtype>3-Fuel</legendtype>
    <label>Jan 04</label>
    <Data>500</Data>
    <LocationNumber>1</LocationNumber>
  </DtGraph>
  <DtGraph>
    <legendtype>4-Petty Cash</legendtype>
    <label>Jan 04</label>
    <Data>100</Data>
    <LocationNumber>1</LocationNumber>
  </DtGraph>
  <DtGraph>
    <legendtype>1-Labor</legendtype>
    <label>Feb 04</label>
    <Data>6000</Data>
    <LocationNumber>1</LocationNumber>
  </DtGraph>
  <DtGraph>
    <legendtype>2-Materials</legendtype>
    <label>Feb 04</label>
    <Data>2000</Data>
    <LocationNumber>1</LocationNumber>
  </DtGraph>
  <DtGraph>
    <legendtype>3-Fuel</legendtype>
    <label>Feb 04</label>
    <Data>50</Data>
    <LocationNumber>1</LocationNumber>
  </DtGraph>
  <DtGraph>
    <legendtype>4-Petty Cash</legendtype>
    <label>Feb 04</label>
    <Data>200</Data>
    <LocationNumber>1</LocationNumber>
  </DtGraph>
  <DtGraph>
    <legendtype>1-Labor</legendtype>
    <label>Mar 04</label>
    <Data>500</Data>
    <LocationNumber>1</LocationNumber>
  </DtGraph>
  <DtGraph>
    <legendtype>2-Materials</legendtype>
    <label>Mar 04</label>
    <Data>1000</Data>
    <LocationNumber>1</LocationNumber>
  </DtGraph>
  <DtGraph>
    <legendtype>3-Fuel</legendtype>
    <label>Mar 04</label>
    <Data>200</Data>
    <LocationNumber>1</LocationNumber>
  </DtGraph>
  <DtGraph>
    <legendtype>4-Petty Cash</legendtype>
    <label>Mar 04</label>
    <Data>1000</Data>
    <LocationNumber>1</LocationNumber>
  </DtGraph>
  <DtGraph>
    <legendtype>1-Labor</legendtype>
    <label>Apr 04</label>
    <Data>7000</Data>
    <LocationNumber>1</LocationNumber>
  </DtGraph>
  <DtGraph>
    <legendtype>2-Materials</legendtype>
    <label>Apr 04</label>
    <Data>2000</Data>
    <LocationNumber>1</LocationNumber>
  </DtGraph>
  <DtGraph>
    <legendtype>3-Fuel</legendtype>
    <label>Apr 04</label>
    <Data>500</Data>
    <LocationNumber>1</LocationNumber>
  </DtGraph>
  <DtGraph>
    <legendtype>4-Petty Cash</legendtype>
    <label>Apr 04</label>
    <Data>100</Data>
    <LocationNumber>1</LocationNumber>
  </DtGraph>
  <DtGraph>
    <legendtype>1-Labor</legendtype>
    <label>May 04</label>
    <Data>5000</Data>
    <LocationNumber>1</LocationNumber>
  </DtGraph>
  <DtGraph>
    <legendtype>2-Materials</legendtype>
    <label>May 04</label>
    <Data>1000</Data>
    <LocationNumber>1</LocationNumber>
  </DtGraph>
  <DtGraph>
    <legendtype>3-Fuel</legendtype>
    <label>May 04</label>
    <Data>500</Data>
    <LocationNumber>1</LocationNumber>
  </DtGraph>
  <DtGraph>
    <legendtype>4-Petty Cash</legendtype>
    <label>May 04</label>
    <Data>100</Data>
    <LocationNumber>1</LocationNumber>
  </DtGraph>
  <DtGraph>
    <legendtype>1-Labor</legendtype>
    <label>Jun 04</label>
    <Data>6000</Data>
    <LocationNumber>1</LocationNumber>
  </DtGraph>
  <DtGraph>
    <legendtype>2-Materials</legendtype>
    <label>Jun 04</label>
    <Data>2000</Data>
    <LocationNumber>1</LocationNumber>
  </DtGraph>
  <DtGraph>
    <legendtype>3-Fuel</legendtype>
    <label>Jun 04</label>
    <Data>50</Data>
    <LocationNumber>1</LocationNumber>
  </DtGraph>
  <DtGraph>
    <legendtype>4-Petty Cash</legendtype>
    <label>Jun 04</label>
    <Data>200</Data>
    <LocationNumber>1</LocationNumber>
  </DtGraph>
  <DtGraph>
    <legendtype>1-Labor</legendtype>
    <label>Jul 04</label>
    <Data>500</Data>
    <LocationNumber>1</LocationNumber>
  </DtGraph>
  <DtGraph>
    <legendtype>2-Materials</legendtype>
    <label>Jul 04</label>
    <Data>1000</Data>
    <LocationNumber>1</LocationNumber>
  </DtGraph>
  <DtGraph>
    <legendtype>3-Fuel</legendtype>
    <label>Jul 04</label>
    <Data>200</Data>
    <LocationNumber>1</LocationNumber>
  </DtGraph>
  <DtGraph>
    <legendtype>4-Petty Cash</legendtype>
    <label>Jul 04</label>
    <Data>1000</Data>
    <LocationNumber>1</LocationNumber>
  </DtGraph>
  <DtGraph>
    <legendtype>1-Labor</legendtype>
    <label>Aug 04</label>
    <Data>7000</Data>
    <LocationNumber>1</LocationNumber>
  </DtGraph>
  <DtGraph>
    <legendtype>2-Materials</legendtype>
    <label>Aug 04</label>
    <Data>2000</Data>
    <LocationNumber>1</LocationNumber>
  </DtGraph>
  <DtGraph>
    <legendtype>3-Fuel</legendtype>
    <label>Aug 04</label>
    <Data>500</Data>
    <LocationNumber>1</LocationNumber>
  </DtGraph>
  <DtGraph>
    <legendtype>4-Petty Cash</legendtype>
    <label>Aug 04</label>
    <Data>100</Data>
    <LocationNumber>1</LocationNumber>
  </DtGraph>
  <DtGraph>
    <legendtype>1-Labor</legendtype>
    <label>Sep 04</label>
    <Data>5000</Data>
    <LocationNumber>1</LocationNumber>
  </DtGraph>
  <DtGraph>
    <legendtype>2-Materials</legendtype>
    <label>Sep 04</label>
    <Data>1000</Data>
    <LocationNumber>1</LocationNumber>
  </DtGraph>
  <DtGraph>
    <legendtype>3-Fuel</legendtype>
    <label>Sep 04</label>
    <Data>500</Data>
    <LocationNumber>1</LocationNumber>
  </DtGraph>
  <DtGraph>
    <legendtype>4-Petty Cash</legendtype>
    <label>Sep 04</label>
    <Data>100</Data>
    <LocationNumber>1</LocationNumber>
  </DtGraph>
  <DtGraph>
    <legendtype>1-Labor</legendtype>
    <label>Jan 04</label>
    <Data>500</Data>
    <LocationNumber>2</LocationNumber>
  </DtGraph>
  <DtGraph>
    <legendtype>2-Materials</legendtype>
    <label>Jan 04</label>
    <Data>100</Data>
    <LocationNumber>2</LocationNumber>
  </DtGraph>
  <DtGraph>
    <legendtype>3-Fuel</legendtype>
    <label>Jan 04</label>
    <Data>50</Data>
    <LocationNumber>2</LocationNumber>
  </DtGraph>
  <DtGraph>
    <legendtype>4-Petty Cash</legendtype>
    <label>Jan 04</label>
    <Data>10</Data>
    <LocationNumber>2</LocationNumber>
  </DtGraph>
  <DtGraph>
    <legendtype>1-Labor</legendtype>
    <label>Feb 04</label>
    <Data>600</Data>
    <LocationNumber>2</LocationNumber>
  </DtGraph>
  <DtGraph>
    <legendtype>2-Materials</legendtype>
    <label>Feb 04</label>
    <Data>200</Data>
    <LocationNumber>2</LocationNumber>
  </DtGraph>
  <DtGraph>
    <legendtype>3-Fuel</legendtype>
    <label>Feb 04</label>
    <Data>5</Data>
    <LocationNumber>2</LocationNumber>
  </DtGraph>
  <DtGraph>
    <legendtype>4-Petty Cash</legendtype>
    <label>Feb 04</label>
    <Data>20</Data>
    <LocationNumber>2</LocationNumber>
  </DtGraph>
  <DtGraph>
    <legendtype>1-Labor</legendtype>
    <label>Mar 04</label>
    <Data>50</Data>
    <LocationNumber>2</LocationNumber>
  </DtGraph>
  <DtGraph>
    <legendtype>2-Materials</legendtype>
    <label>Mar 04</label>
    <Data>100</Data>
    <LocationNumber>2</LocationNumber>
  </DtGraph>
  <DtGraph>
    <legendtype>3-Fuel</legendtype>
    <label>Mar 04</label>
    <Data>20</Data>
    <LocationNumber>2</LocationNumber>
  </DtGraph>
  <DtGraph>
    <legendtype>4-Petty Cash</legendtype>
    <label>Mar 04</label>
    <Data>100</Data>
    <LocationNumber>2</LocationNumber>
  </DtGraph>
  <DtGraph>
    <legendtype>1-Labor</legendtype>
    <label>Apr 04</label>
    <Data>700</Data>
    <LocationNumber>2</LocationNumber>
  </DtGraph>
  <DtGraph>
    <legendtype>2-Materials</legendtype>
    <label>Apr 04</label>
    <Data>200</Data>
    <LocationNumber>2</LocationNumber>
  </DtGraph>
  <DtGraph>
    <legendtype>3-Fuel</legendtype>
    <label>Apr 04</label>
    <Data>50</Data>
    <LocationNumber>2</LocationNumber>
  </DtGraph>
  <DtGraph>
    <legendtype>4-Petty Cash</legendtype>
    <label>Apr 04</label>
    <Data>10</Data>
    <LocationNumber>2</LocationNumber>
  </DtGraph>
  <DtGraph>
    <legendtype>1-Labor</legendtype>
    <label>May 04</label>
    <Data>500</Data>
    <LocationNumber>2</LocationNumber>
  </DtGraph>
  <DtGraph>
    <legendtype>2-Materials</legendtype>
    <label>May 04</label>
    <Data>100</Data>
    <LocationNumber>2</LocationNumber>
  </DtGraph>
  <DtGraph>
    <legendtype>3-Fuel</legendtype>
    <label>May 04</label>
    <Data>50</Data>
    <LocationNumber>2</LocationNumber>
  </DtGraph>
  <DtGraph>
    <legendtype>4-Petty Cash</legendtype>
    <label>May 04</label>
    <Data>10</Data>
    <LocationNumber>2</LocationNumber>
  </DtGraph>
  <DtGraph>
    <legendtype>1-Labor</legendtype>
    <label>Jun 04</label>
    <Data>600</Data>
    <LocationNumber>2</LocationNumber>
  </DtGraph>
  <DtGraph>
    <legendtype>2-Materials</legendtype>
    <label>Jun 04</label>
    <Data>200</Data>
    <LocationNumber>2</LocationNumber>
  </DtGraph>
  <DtGraph>
    <legendtype>3-Fuel</legendtype>
    <label>Jun 04</label>
    <Data>5</Data>
    <LocationNumber>2</LocationNumber>
  </DtGraph>
  <DtGraph>
    <legendtype>4-Petty Cash</legendtype>
    <label>Jun 04</label>
    <Data>20</Data>
    <LocationNumber>2</LocationNumber>
  </DtGraph>
  <DtGraph>
    <legendtype>1-Labor</legendtype>
    <label>Jul 04</label>
    <Data>50</Data>
    <LocationNumber>2</LocationNumber>
  </DtGraph>
  <DtGraph>
    <legendtype>2-Materials</legendtype>
    <label>Jul 04</label>
    <Data>100</Data>
    <LocationNumber>2</LocationNumber>
  </DtGraph>
  <DtGraph>
    <legendtype>3-Fuel</legendtype>
    <label>Jul 04</label>
    <Data>20</Data>
    <LocationNumber>2</LocationNumber>
  </DtGraph>
  <DtGraph>
    <legendtype>4-Petty Cash</legendtype>
    <label>Jul 04</label>
    <Data>100</Data>
    <LocationNumber>2</LocationNumber>
  </DtGraph>
  <DtGraph>
    <legendtype>1-Labor</legendtype>
    <label>Aug 04</label>
    <Data>700</Data>
    <LocationNumber>2</LocationNumber>
  </DtGraph>
  <DtGraph>
    <legendtype>2-Materials</legendtype>
    <label>Aug 04</label>
    <Data>200</Data>
    <LocationNumber>2</LocationNumber>
  </DtGraph>
  <DtGraph>
    <legendtype>3-Fuel</legendtype>
    <label>Aug 04</label>
    <Data>50</Data>
    <LocationNumber>2</LocationNumber>
  </DtGraph>
  <DtGraph>
    <legendtype>4-Petty Cash</legendtype>
    <label>Aug 04</label>
    <Data>10</Data>
    <LocationNumber>2</LocationNumber>
  </DtGraph>
  <DtGraph>
    <legendtype>1-Labor</legendtype>
    <label>Sep 04</label>
    <Data>500</Data>
    <LocationNumber>2</LocationNumber>
  </DtGraph>
  <DtGraph>
    <legendtype>2-Materials</legendtype>
    <label>Sep 04</label>
    <Data>100</Data>
    <LocationNumber>2</LocationNumber>
  </DtGraph>
  <DtGraph>
    <legendtype>3-Fuel</legendtype>
    <label>Sep 04</label>
    <Data>50</Data>
    <LocationNumber>2</LocationNumber>
  </DtGraph>
  <DtGraph>
    <legendtype>4-Petty Cash</legendtype>
    <label>Sep 04</label>
    <Data>10</Data>
    <LocationNumber>2</LocationNumber>
  </DtGraph>
  <DtGraph>
    <legendtype>1-Labor</legendtype>
    <label>Oct 04</label>
    <Data>600</Data>
    <LocationNumber>2</LocationNumber>
  </DtGraph>
  <DtGraph>
    <legendtype>2-Materials</legendtype>
    <label>Oct 04</label>
    <Data>200</Data>
    <LocationNumber>2</LocationNumber>
  </DtGraph>
  <DtGraph>
    <legendtype>3-Fuel</legendtype>
    <label>Oct 04</label>
    <Data>50</Data>
    <LocationNumber>2</LocationNumber>
  </DtGraph>
  <DtGraph>
    <legendtype>4-Petty Cash</legendtype>
    <label>Oct 04</label>
    <Data>20</Data>
    <LocationNumber>2</LocationNumber>
  </DtGraph>
  <DtGraph>
    <legendtype>1-Labor</legendtype>
    <label>Nov 04</label>
    <Data>50</Data>
    <LocationNumber>2</LocationNumber>
  </DtGraph>
  <DtGraph>
    <legendtype>2-Materials</legendtype>
    <label>Nov 04</label>
    <Data>100</Data>
    <LocationNumber>2</LocationNumber>
  </DtGraph>
  <DtGraph>
    <legendtype>3-Fuel</legendtype>
    <label>Nov 04</label>
    <Data>20</Data>
    <LocationNumber>2</LocationNumber>
  </DtGraph>
  <DtGraph>
    <legendtype>4-Petty Cash</legendtype>
    <label>Nov 04</label>
    <Data>100</Data>
    <LocationNumber>2</LocationNumber>
  </DtGraph>
  <DtGraph>
    <legendtype>1-Labor</legendtype>
    <label>Dec 04</label>
    <Data>700</Data>
    <LocationNumber>2</LocationNumber>
  </DtGraph>
  <DtGraph>
    <legendtype>2-Materials</legendtype>
    <label>Dec 04</label>
    <Data>200</Data>
    <LocationNumber>2</LocationNumber>
  </DtGraph>
  <DtGraph>
    <legendtype>3-Fuel</legendtype>
    <label>Dec 04</label>
    <Data>50</Data>
    <LocationNumber>2</LocationNumber>
  </DtGraph>
  <DtGraph>
    <legendtype>4-Petty Cash</legendtype>
    <label>Dec 04</label>
    <Data>10</Data>
    <LocationNumber>2</LocationNumber>
  </DtGraph>
  <DtHeader>
    <company>Test Construction Company</company>
    <reporttitle>Monthly Labor/Material Costs</reporttitle>
    <userid>KSG</userid>
    <version>Version 1.0</version>
    <subtitle1>By Job #</subtitle1>
    <subtitle2 />
    <footer>Run by KSG using Version 1.1</footer>
    <footnotes>Sample Footnote</footnotes>
  </DtHeader>
  <DtLocation>
    <LocationName>Northern Location</LocationName>
    <LocationNumber>1</LocationNumber>
  </DtLocation>
  <DtLocation>
    <LocationName>Southern Location</LocationName>
    <LocationNumber>2</LocationNumber>
  </DtLocation>
</Ds_SimpleBarChart>