<?xml version="1.0" standalone="yes"?>
<NewDataSet>
  <xs:schema id="NewDataSet" xmlns="" xmlns:xs="http://www.w3.org/2001/XMLSchema" xmlns:msdata="urn:schemas-microsoft-com:xml-msdata">
    <xs:element name="NewDataSet" msdata:IsDataSet="true" msdata:UseCurrentLocale="true">
      <xs:complexType>
        <xs:choice minOccurs="0" maxOccurs="unbounded">
          <xs:element name="DtHeader">
            <xs:complexType>
              <xs:sequence>
                <xs:element name="company" type="xs:string" minOccurs="0" />
                <xs:element name="reporttitle" type="xs:string" minOccurs="0" />
                <xs:element name="userid" type="xs:string" minOccurs="0" />
                <xs:element name="version" type="xs:string" minOccurs="0" />
                <xs:element name="subtitle1" type="xs:string" minOccurs="0" />
                <xs:element name="subtitle2" type="xs:string" minOccurs="0" />
                <xs:element name="footnotes" type="xs:string" minOccurs="0" />
                <xs:element name="DataSource" type="xs:string" minOccurs="0" />
                <xs:element name="Footer" type="xs:string" minOccurs="0" />
                <xs:element name="LaborThreshold" type="xs:decimal" minOccurs="0" />
                <xs:element name="CostThreshold" type="xs:decimal" minOccurs="0" />
                <xs:element name="Company" type="xs:string" minOccurs="0" />
                <xs:element name="ReportTitle" type="xs:string" minOccurs="0" />
                <xs:element name="userID" type="xs:string" minOccurs="0" />
                <xs:element name="Version" type="xs:string" minOccurs="0" />
                <xs:element name="SubTitle1" type="xs:string" minOccurs="0" />
                <xs:element name="SubTitle2" type="xs:string" minOccurs="0" />
              </xs:sequence>
            </xs:complexType>
          </xs:element>
          <xs:element name="dtDivisions">
            <xs:complexType>
              <xs:sequence>
                <xs:element name="Description" type="xs:string" minOccurs="0" />
                <xs:element name="DivisionFK" type="xs:long" minOccurs="0" />
              </xs:sequence>
            </xs:complexType>
          </xs:element>
          <xs:element name="DtLineChart">
            <xs:complexType>
              <xs:sequence>
                <xs:element name="DivisionFK" type="xs:long" minOccurs="0" />
                <xs:element name="MonthEnding" type="xs:string" minOccurs="0" />
                <xs:element name="Legend" type="xs:string" minOccurs="0" />
                <xs:element name="Costs" type="xs:decimal" minOccurs="0" />
              </xs:sequence>
            </xs:complexType>
          </xs:element>
          <xs:element name="DtPieChart">
            <xs:complexType>
              <xs:sequence>
                <xs:element name="DivisionFK" type="xs:long" minOccurs="0" />
                <xs:element name="CostType" type="xs:string" minOccurs="0" />
                <xs:element name="CostAmount" type="xs:decimal" minOccurs="0" />
              </xs:sequence>
            </xs:complexType>
          </xs:element>
          <xs:element name="DtSummaryData">
            <xs:complexType>
              <xs:sequence>
                <xs:element name="DivisionFK" type="xs:long" minOccurs="0" />
                <xs:element name="MonthEnding" type="xs:string" minOccurs="0" />
                <xs:element name="LaborAmount" type="xs:decimal" minOccurs="0" />
                <xs:element name="Costs" type="xs:decimal" minOccurs="0" />
              </xs:sequence>
            </xs:complexType>
          </xs:element>
        </xs:choice>
      </xs:complexType>
    </xs:element>
  </xs:schema>
  <DtHeader>
    <footnotes />
    <DataSource>Internal Test Database</DataSource>
    <Footer>Run by Kevin S. Goff</Footer>
    <LaborThreshold>15000</LaborThreshold>
    <CostThreshold>15000</CostThreshold>
    <Company>Test Construction Company</Company>
    <ReportTitle>Total Labor &amp; Costs Breakdown</ReportTitle>
    <userID />
    <Version>Version 1.0</Version>
    <SubTitle1>By Job #</SubTitle1>
    <SubTitle2 xml:space="preserve"> </SubTitle2>
  </DtHeader>
  <dtDivisions>
    <Description>Location 1               </Description>
    <DivisionFK>1</DivisionFK>
  </dtDivisions>
  <dtDivisions>
    <Description>Location 2               </Description>
    <DivisionFK>2</DivisionFK>
  </dtDivisions>
  <DtLineChart>
    <DivisionFK>1</DivisionFK>
    <MonthEnding>Apr 04</MonthEnding>
    <Legend>Current Year</Legend>
    <Costs>12951.23</Costs>
  </DtLineChart>
  <DtLineChart>
    <DivisionFK>1</DivisionFK>
    <MonthEnding>Apr 04</MonthEnding>
    <Legend>Last Year</Legend>
    <Costs>12070.67</Costs>
  </DtLineChart>
  <DtLineChart>
    <DivisionFK>1</DivisionFK>
    <MonthEnding>May 04</MonthEnding>
    <Legend>Current Year</Legend>
    <Costs>17338.21</Costs>
  </DtLineChart>
  <DtLineChart>
    <DivisionFK>1</DivisionFK>
    <MonthEnding>May 04</MonthEnding>
    <Legend>Last Year</Legend>
    <Costs>17807.02</Costs>
  </DtLineChart>
  <DtLineChart>
    <DivisionFK>1</DivisionFK>
    <MonthEnding>Jun 04</MonthEnding>
    <Legend>Current Year</Legend>
    <Costs>20511.56</Costs>
  </DtLineChart>
  <DtLineChart>
    <DivisionFK>1</DivisionFK>
    <MonthEnding>Jun 04</MonthEnding>
    <Legend>Last Year</Legend>
    <Costs>20253.15</Costs>
  </DtLineChart>
  <DtLineChart>
    <DivisionFK>1</DivisionFK>
    <MonthEnding>Jul 04</MonthEnding>
    <Legend>Current Year</Legend>
    <Costs>11251.25</Costs>
  </DtLineChart>
  <DtLineChart>
    <DivisionFK>1</DivisionFK>
    <MonthEnding>Jul 04</MonthEnding>
    <Legend>Last Year</Legend>
    <Costs>11921.41</Costs>
  </DtLineChart>
  <DtLineChart>
    <DivisionFK>1</DivisionFK>
    <MonthEnding>Aug 04</MonthEnding>
    <Legend>Current Year</Legend>
    <Costs>14797.90</Costs>
  </DtLineChart>
  <DtLineChart>
    <DivisionFK>1</DivisionFK>
    <MonthEnding>Aug 04</MonthEnding>
    <Legend>Last Year</Legend>
    <Costs>14537.90</Costs>
  </DtLineChart>
  <DtLineChart>
    <DivisionFK>1</DivisionFK>
    <MonthEnding>Sep 04</MonthEnding>
    <Legend>Current Year</Legend>
    <Costs>14537.15</Costs>
  </DtLineChart>
  <DtLineChart>
    <DivisionFK>1</DivisionFK>
    <MonthEnding>Sep 04</MonthEnding>
    <Legend>Last Year</Legend>
    <Costs>14797.15</Costs>
  </DtLineChart>
  <DtLineChart>
    <DivisionFK>1</DivisionFK>
    <MonthEnding>Oct 04</MonthEnding>
    <Legend>Current Year</Legend>
    <Costs>29841.55</Costs>
  </DtLineChart>
  <DtLineChart>
    <DivisionFK>1</DivisionFK>
    <MonthEnding>Oct 04</MonthEnding>
    <Legend>Last Year</Legend>
    <Costs>14721.55</Costs>
  </DtLineChart>
  <DtLineChart>
    <DivisionFK>1</DivisionFK>
    <MonthEnding>Nov 04</MonthEnding>
    <Legend>Current Year</Legend>
    <Costs>18423.35</Costs>
  </DtLineChart>
  <DtLineChart>
    <DivisionFK>1</DivisionFK>
    <MonthEnding>Nov 04</MonthEnding>
    <Legend>Last Year</Legend>
    <Costs>16274.85</Costs>
  </DtLineChart>
  <DtLineChart>
    <DivisionFK>1</DivisionFK>
    <MonthEnding>Dec 04</MonthEnding>
    <Legend>Current Year</Legend>
    <Costs>31163.72</Costs>
  </DtLineChart>
  <DtLineChart>
    <DivisionFK>1</DivisionFK>
    <MonthEnding>Dec 04</MonthEnding>
    <Legend>Last Year</Legend>
    <Costs>21941.72</Costs>
  </DtLineChart>
  <DtLineChart>
    <DivisionFK>1</DivisionFK>
    <MonthEnding>Jan 05</MonthEnding>
    <Legend>Current Year</Legend>
    <Costs>11230.53</Costs>
  </DtLineChart>
  <DtLineChart>
    <DivisionFK>1</DivisionFK>
    <MonthEnding>Jan 05</MonthEnding>
    <Legend>Last Year</Legend>
    <Costs>9114.13</Costs>
  </DtLineChart>
  <DtLineChart>
    <DivisionFK>1</DivisionFK>
    <MonthEnding>Feb 05</MonthEnding>
    <Legend>Current Year</Legend>
    <Costs>31950.04</Costs>
  </DtLineChart>
  <DtLineChart>
    <DivisionFK>1</DivisionFK>
    <MonthEnding>Feb 05</MonthEnding>
    <Legend>Last Year</Legend>
    <Costs>15486.49</Costs>
  </DtLineChart>
  <DtLineChart>
    <DivisionFK>1</DivisionFK>
    <MonthEnding>Mar 05</MonthEnding>
    <Legend>Current Year</Legend>
    <Costs>20753.56</Costs>
  </DtLineChart>
  <DtLineChart>
    <DivisionFK>1</DivisionFK>
    <MonthEnding>Mar 05</MonthEnding>
    <Legend>Last Year</Legend>
    <Costs>13848.56</Costs>
  </DtLineChart>
  <DtLineChart>
    <DivisionFK>2</DivisionFK>
    <MonthEnding>Apr 04</MonthEnding>
    <Legend>Current Year</Legend>
    <Costs>20084.19</Costs>
  </DtLineChart>
  <DtLineChart>
    <DivisionFK>2</DivisionFK>
    <MonthEnding>Apr 04</MonthEnding>
    <Legend>Last Year</Legend>
    <Costs>18680.55</Costs>
  </DtLineChart>
  <DtLineChart>
    <DivisionFK>2</DivisionFK>
    <MonthEnding>May 04</MonthEnding>
    <Legend>Current Year</Legend>
    <Costs>26504.45</Costs>
  </DtLineChart>
  <DtLineChart>
    <DivisionFK>2</DivisionFK>
    <MonthEnding>May 04</MonthEnding>
    <Legend>Last Year</Legend>
    <Costs>27271.34</Costs>
  </DtLineChart>
  <DtLineChart>
    <DivisionFK>2</DivisionFK>
    <MonthEnding>Jun 04</MonthEnding>
    <Legend>Current Year</Legend>
    <Costs>30673.08</Costs>
  </DtLineChart>
  <DtLineChart>
    <DivisionFK>2</DivisionFK>
    <MonthEnding>Jun 04</MonthEnding>
    <Legend>Last Year</Legend>
    <Costs>30304.59</Costs>
  </DtLineChart>
  <DtLineChart>
    <DivisionFK>2</DivisionFK>
    <MonthEnding>Jul 04</MonthEnding>
    <Legend>Current Year</Legend>
    <Costs>17101.09</Costs>
  </DtLineChart>
  <DtLineChart>
    <DivisionFK>2</DivisionFK>
    <MonthEnding>Jul 04</MonthEnding>
    <Legend>Last Year</Legend>
    <Costs>18106.33</Costs>
  </DtLineChart>
  <DtLineChart>
    <DivisionFK>2</DivisionFK>
    <MonthEnding>Aug 04</MonthEnding>
    <Legend>Current Year</Legend>
    <Costs>23175.82</Costs>
  </DtLineChart>
  <DtLineChart>
    <DivisionFK>2</DivisionFK>
    <MonthEnding>Aug 04</MonthEnding>
    <Legend>Last Year</Legend>
    <Costs>22655.82</Costs>
  </DtLineChart>
  <DtLineChart>
    <DivisionFK>2</DivisionFK>
    <MonthEnding>Sep 04</MonthEnding>
    <Legend>Current Year</Legend>
    <Costs>22404.27</Costs>
  </DtLineChart>
  <DtLineChart>
    <DivisionFK>2</DivisionFK>
    <MonthEnding>Sep 04</MonthEnding>
    <Legend>Last Year</Legend>
    <Costs>22924.27</Costs>
  </DtLineChart>
  <DtLineChart>
    <DivisionFK>2</DivisionFK>
    <MonthEnding>Oct 04</MonthEnding>
    <Legend>Current Year</Legend>
    <Costs>44728.67</Costs>
  </DtLineChart>
  <DtLineChart>
    <DivisionFK>2</DivisionFK>
    <MonthEnding>Oct 04</MonthEnding>
    <Legend>Last Year</Legend>
    <Costs>22808.67</Costs>
  </DtLineChart>
  <DtLineChart>
    <DivisionFK>2</DivisionFK>
    <MonthEnding>Nov 04</MonthEnding>
    <Legend>Current Year</Legend>
    <Costs>32961.91</Costs>
  </DtLineChart>
  <DtLineChart>
    <DivisionFK>2</DivisionFK>
    <MonthEnding>Nov 04</MonthEnding>
    <Legend>Last Year</Legend>
    <Costs>24840.41</Costs>
  </DtLineChart>
  <DtLineChart>
    <DivisionFK>2</DivisionFK>
    <MonthEnding>Dec 04</MonthEnding>
    <Legend>Current Year</Legend>
    <Costs>48496.00</Costs>
  </DtLineChart>
  <DtLineChart>
    <DivisionFK>2</DivisionFK>
    <MonthEnding>Dec 04</MonthEnding>
    <Legend>Last Year</Legend>
    <Costs>32847.00</Costs>
  </DtLineChart>
  <DtLineChart>
    <DivisionFK>2</DivisionFK>
    <MonthEnding>Jan 05</MonthEnding>
    <Legend>Current Year</Legend>
    <Costs>19940.61</Costs>
  </DtLineChart>
  <DtLineChart>
    <DivisionFK>2</DivisionFK>
    <MonthEnding>Jan 05</MonthEnding>
    <Legend>Last Year</Legend>
    <Costs>13866.73</Costs>
  </DtLineChart>
  <DtLineChart>
    <DivisionFK>2</DivisionFK>
    <MonthEnding>Feb 05</MonthEnding>
    <Legend>Current Year</Legend>
    <Costs>43363.96</Costs>
  </DtLineChart>
  <DtLineChart>
    <DivisionFK>2</DivisionFK>
    <MonthEnding>Feb 05</MonthEnding>
    <Legend>Last Year</Legend>
    <Costs>24257.89</Costs>
  </DtLineChart>
  <DtLineChart>
    <DivisionFK>2</DivisionFK>
    <MonthEnding>Mar 05</MonthEnding>
    <Legend>Current Year</Legend>
    <Costs>28867.20</Costs>
  </DtLineChart>
  <DtLineChart>
    <DivisionFK>2</DivisionFK>
    <MonthEnding>Mar 05</MonthEnding>
    <Legend>Last Year</Legend>
    <Costs>21322.20</Costs>
  </DtLineChart>
  <DtPieChart>
    <DivisionFK>1</DivisionFK>
    <CostType>1-Labor             </CostType>
    <CostAmount>182854.60</CostAmount>
  </DtPieChart>
  <DtPieChart>
    <DivisionFK>1</DivisionFK>
    <CostType>2-Material          </CostType>
    <CostAmount>50330.45</CostAmount>
  </DtPieChart>
  <DtPieChart>
    <DivisionFK>1</DivisionFK>
    <CostType>3-Fuel              </CostType>
    <CostAmount>1565.00</CostAmount>
  </DtPieChart>
  <DtPieChart>
    <DivisionFK>2</DivisionFK>
    <CostType>1-Labor             </CostType>
    <CostAmount>280005.80</CostAmount>
  </DtPieChart>
  <DtPieChart>
    <DivisionFK>2</DivisionFK>
    <CostType>2-Material          </CostType>
    <CostAmount>63530.45</CostAmount>
  </DtPieChart>
  <DtPieChart>
    <DivisionFK>2</DivisionFK>
    <CostType>3-Fuel              </CostType>
    <CostAmount>14765.00</CostAmount>
  </DtPieChart>
  <DtSummaryData>
    <DivisionFK>1</DivisionFK>
    <MonthEnding>Apr 04</MonthEnding>
    <LaborAmount>12951.23</LaborAmount>
  </DtSummaryData>
  <DtSummaryData>
    <DivisionFK>1</DivisionFK>
    <MonthEnding>May 04</MonthEnding>
    <LaborAmount>17338.21</LaborAmount>
  </DtSummaryData>
  <DtSummaryData>
    <DivisionFK>1</DivisionFK>
    <MonthEnding>Jun 04</MonthEnding>
    <LaborAmount>20511.56</LaborAmount>
  </DtSummaryData>
  <DtSummaryData>
    <DivisionFK>1</DivisionFK>
    <MonthEnding>Jul 04</MonthEnding>
    <LaborAmount>11251.25</LaborAmount>
  </DtSummaryData>
  <DtSummaryData>
    <DivisionFK>1</DivisionFK>
    <MonthEnding>Aug 04</MonthEnding>
    <LaborAmount>14797.90</LaborAmount>
  </DtSummaryData>
  <DtSummaryData>
    <DivisionFK>1</DivisionFK>
    <MonthEnding>Sep 04</MonthEnding>
    <LaborAmount>14537.15</LaborAmount>
  </DtSummaryData>
  <DtSummaryData>
    <DivisionFK>1</DivisionFK>
    <MonthEnding>Oct 04</MonthEnding>
    <LaborAmount>14721.55</LaborAmount>
    <Costs>15120.00</Costs>
  </DtSummaryData>
  <DtSummaryData>
    <DivisionFK>1</DivisionFK>
    <MonthEnding>Nov 04</MonthEnding>
    <LaborAmount>17020.85</LaborAmount>
    <Costs>1402.50</Costs>
  </DtSummaryData>
  <DtSummaryData>
    <DivisionFK>1</DivisionFK>
    <MonthEnding>Dec 04</MonthEnding>
    <LaborAmount>21195.72</LaborAmount>
    <Costs>9968.00</Costs>
  </DtSummaryData>
  <DtSummaryData>
    <DivisionFK>1</DivisionFK>
    <MonthEnding>Jan 05</MonthEnding>
    <LaborAmount>9829.09</LaborAmount>
    <Costs>1401.44</Costs>
  </DtSummaryData>
  <DtSummaryData>
    <DivisionFK>1</DivisionFK>
    <MonthEnding>Feb 05</MonthEnding>
    <LaborAmount>14771.53</LaborAmount>
    <Costs>17178.51</Costs>
  </DtSummaryData>
  <DtSummaryData>
    <DivisionFK>1</DivisionFK>
    <MonthEnding>Mar 05</MonthEnding>
    <LaborAmount>13928.56</LaborAmount>
    <Costs>6825.00</Costs>
  </DtSummaryData>
  <DtSummaryData>
    <DivisionFK>2</DivisionFK>
    <MonthEnding>Apr 04</MonthEnding>
    <LaborAmount>20084.19</LaborAmount>
  </DtSummaryData>
  <DtSummaryData>
    <DivisionFK>2</DivisionFK>
    <MonthEnding>May 04</MonthEnding>
    <LaborAmount>26504.45</LaborAmount>
  </DtSummaryData>
  <DtSummaryData>
    <DivisionFK>2</DivisionFK>
    <MonthEnding>Jun 04</MonthEnding>
    <LaborAmount>30673.08</LaborAmount>
  </DtSummaryData>
  <DtSummaryData>
    <DivisionFK>2</DivisionFK>
    <MonthEnding>Jul 04</MonthEnding>
    <LaborAmount>17101.09</LaborAmount>
  </DtSummaryData>
  <DtSummaryData>
    <DivisionFK>2</DivisionFK>
    <MonthEnding>Aug 04</MonthEnding>
    <LaborAmount>23175.82</LaborAmount>
  </DtSummaryData>
  <DtSummaryData>
    <DivisionFK>2</DivisionFK>
    <MonthEnding>Sep 04</MonthEnding>
    <LaborAmount>22404.27</LaborAmount>
  </DtSummaryData>
  <DtSummaryData>
    <DivisionFK>2</DivisionFK>
    <MonthEnding>Oct 04</MonthEnding>
    <LaborAmount>22808.67</LaborAmount>
    <Costs>21920.00</Costs>
  </DtSummaryData>
  <DtSummaryData>
    <DivisionFK>2</DivisionFK>
    <MonthEnding>Nov 04</MonthEnding>
    <LaborAmount>25959.41</LaborAmount>
    <Costs>7002.50</Costs>
  </DtSummaryData>
  <DtSummaryData>
    <DivisionFK>2</DivisionFK>
    <MonthEnding>Dec 04</MonthEnding>
    <LaborAmount>31728.00</LaborAmount>
    <Costs>16768.00</Costs>
  </DtSummaryData>
  <DtSummaryData>
    <DivisionFK>2</DivisionFK>
    <MonthEnding>Jan 05</MonthEnding>
    <LaborAmount>14939.17</LaborAmount>
    <Costs>5001.44</Costs>
  </DtSummaryData>
  <DtSummaryData>
    <DivisionFK>2</DivisionFK>
    <MonthEnding>Feb 05</MonthEnding>
    <LaborAmount>23185.45</LaborAmount>
    <Costs>20178.51</Costs>
  </DtSummaryData>
  <DtSummaryData>
    <DivisionFK>2</DivisionFK>
    <MonthEnding>Mar 05</MonthEnding>
    <LaborAmount>21442.20</LaborAmount>
    <Costs>7425.00</Costs>
  </DtSummaryData>
</NewDataSet>