<?xml version="1.0" standalone="yes"?>
<dsAgingReport>
  <dtAgingSummary>
    <ClientFK>3</ClientFK>
    <TotalAged>32023.00</TotalAged>
    <Bracket1>1523.00</Bracket1>
    <Bracket2>0.00</Bracket2>
    <Bracket3>0.00</Bracket3>
    <Bracket4>0.00</Bracket4>
    <Bracket5>30500.00</Bracket5>
  </dtAgingSummary>
  <dtAgingSummary>
    <ClientFK>1</ClientFK>
    <TotalAged>19156.00</TotalAged>
    <Bracket1>1032.00</Bracket1>
    <Bracket2>9624.00</Bracket2>
    <Bracket3>6500.00</Bracket3>
    <Bracket4>0.00</Bracket4>
    <Bracket5>2000.00</Bracket5>
  </dtAgingSummary>
  <dtAgingSummary>
    <ClientFK>2</ClientFK>
    <TotalAged>12973.00</TotalAged>
    <Bracket1>0.00</Bracket1>
    <Bracket2>0.00</Bracket2>
    <Bracket3>0.00</Bracket3>
    <Bracket4>973.00</Bracket4>
    <Bracket5>12000.00</Bracket5>
  </dtAgingSummary>
  <dtAgingBrackets>
    <StartDay>1</StartDay>
    <Endday>30</Endday>
    <BracketNumber>1</BracketNumber>
    <BracketLabel>&lt; 30 Days                                         </BracketLabel>
  </dtAgingBrackets>
  <dtAgingBrackets>
    <StartDay>31</StartDay>
    <Endday>60</Endday>
    <BracketNumber>2</BracketNumber>
    <BracketLabel>31-60 Days                                        </BracketLabel>
  </dtAgingBrackets>
  <dtAgingBrackets>
    <StartDay>61</StartDay>
    <Endday>90</Endday>
    <BracketNumber>3</BracketNumber>
    <BracketLabel>61-90 Days                                        </BracketLabel>
  </dtAgingBrackets>
  <dtAgingBrackets>
    <StartDay>91</StartDay>
    <Endday>120</Endday>
    <BracketNumber>4</BracketNumber>
    <BracketLabel>91-120 Days                                       </BracketLabel>
  </dtAgingBrackets>
  <dtAgingBrackets>
    <StartDay>121</StartDay>
    <Endday>999999</Endday>
    <BracketNumber>5</BracketNumber>
    <BracketLabel>&gt; 120 Days                                        </BracketLabel>
  </dtAgingBrackets>
  <dtClients>
    <ClientPK>2</ClientPK>
    <ClientName>GOLDGATE CONTRACTING                              </ClientName>
  </dtClients>
  <dtClients>
    <ClientPK>1</ClientPK>
    <ClientName>KINGSTON CONSTRUCTION                             </ClientName>
  </dtClients>
  <dtClients>
    <ClientPK>3</ClientPK>
    <ClientName>L&amp; L EXCAVATING INC.                              </ClientName>
  </dtClients>
  <dtBracketColumns>
    <Bracket1>&lt; 30 Days                                         </Bracket1>
    <Bracket2>31-60 Days                                        </Bracket2>
    <Bracket3>61-90 Days                                        </Bracket3>
    <Bracket4>91-120 Days                                       </Bracket4>
    <Bracket5>&gt; 120 Days                                        </Bracket5>
  </dtBracketColumns>
</dsAgingReport>