<?xml version="1.0" standalone="yes"?>
<dsGantt xmlns="http://tempuri.org/dsJobGanttChart.xsd">
  <xs:schema id="dsGantt" targetNamespace="http://tempuri.org/dsJobGanttChart.xsd" xmlns:mstns="http://tempuri.org/dsJobGanttChart.xsd" xmlns="http://tempuri.org/dsJobGanttChart.xsd" xmlns:xs="http://www.w3.org/2001/XMLSchema" xmlns:msdata="urn:schemas-microsoft-com:xml-msdata" attributeFormDefault="qualified" elementFormDefault="qualified">
    <xs:element name="dsGantt" msdata:IsDataSet="true" msdata:UseCurrentLocale="true">
      <xs:complexType>
        <xs:choice minOccurs="0" maxOccurs="unbounded">
          <xs:element name="dtClients">
            <xs:complexType>
              <xs:sequence>
                <xs:element name="PageNumber" type="xs:int" minOccurs="0" />
                <xs:element name="ClientFK" type="xs:int" minOccurs="0" />
              </xs:sequence>
            </xs:complexType>
          </xs:element>
          <xs:element name="dtJobs">
            <xs:complexType>
              <xs:sequence>
                <xs:element name="ClientFk" type="xs:int" minOccurs="0" />
                <xs:element name="ClientName" type="xs:string" minOccurs="0" />
                <xs:element name="StartDate" type="xs:dateTime" minOccurs="0" />
                <xs:element name="EndDate" type="xs:dateTime" minOccurs="0" />
                <xs:element name="JobNumber" type="xs:string" minOccurs="0" />
                <xs:element name="JobDescription" type="xs:string" minOccurs="0" />
                <xs:element name="TotalProfit" type="xs:decimal" minOccurs="0" />
                <xs:element name="TotalBilled" type="xs:decimal" minOccurs="0" />
                <xs:element name="TotalReceived" type="xs:decimal" minOccurs="0" />
                <xs:element name="AmountDue" type="xs:decimal" minOccurs="0" />
              </xs:sequence>
            </xs:complexType>
          </xs:element>
        </xs:choice>
      </xs:complexType>
    </xs:element>
  </xs:schema>
  <dtClients>
    <PageNumber>1</PageNumber>
    <ClientFK>1</ClientFK>
  </dtClients>
  <dtClients>
    <PageNumber>1</PageNumber>
    <ClientFK>2</ClientFK>
  </dtClients>
  <dtClients>
    <PageNumber>1</PageNumber>
    <ClientFK>3</ClientFK>
  </dtClients>
  <dtClients>
    <PageNumber>1</PageNumber>
    <ClientFK>4</ClientFK>
  </dtClients>
  <dtClients>
    <PageNumber>2</PageNumber>
    <ClientFK>5</ClientFK>
  </dtClients>
  <dtClients>
    <PageNumber>2</PageNumber>
    <ClientFK>6</ClientFK>
  </dtClients>
  <dtClients>
    <PageNumber>2</PageNumber>
    <ClientFK>7</ClientFK>
  </dtClients>
  <dtJobs>
    <ClientFk>1</ClientFk>
    <ClientName>KINGSTON CONSTRUCTION</ClientName>
    <StartDate>2005-01-10T00:00:00-05:00</StartDate>
    <EndDate>2005-02-11T00:00:00-05:00</EndDate>
    <JobNumber>101</JobNumber>
    <JobDescription>Job 101</JobDescription>
    <TotalProfit>398.05</TotalProfit>
    <TotalBilled>6626.25</TotalBilled>
    <TotalReceived>6626.25</TotalReceived>
    <AmountDue>0</AmountDue>
  </dtJobs>
  <dtJobs>
    <ClientFk>1</ClientFk>
    <ClientName />
    <StartDate>2005-04-13T00:00:00-04:00</StartDate>
    <EndDate>2005-05-27T00:00:00-04:00</EndDate>
    <JobNumber>102</JobNumber>
    <JobDescription>Job 102</JobDescription>
    <TotalProfit>493</TotalProfit>
    <TotalBilled>2485.31</TotalBilled>
    <TotalReceived>2485.31</TotalReceived>
    <AmountDue>0</AmountDue>
  </dtJobs>
  <dtJobs>
    <ClientFk>1</ClientFk>
    <ClientName />
    <StartDate>2005-07-01T00:00:00-04:00</StartDate>
    <EndDate>2005-07-29T00:00:00-04:00</EndDate>
    <JobNumber>103</JobNumber>
    <JobDescription>Job 103</JobDescription>
    <TotalProfit>14013.94</TotalProfit>
    <TotalBilled>38949.2</TotalBilled>
    <TotalReceived>37949.2</TotalReceived>
    <AmountDue>1000</AmountDue>
  </dtJobs>
  <dtJobs>
    <ClientFk>1</ClientFk>
    <ClientName />
    <StartDate>2005-10-26T00:00:00-04:00</StartDate>
    <EndDate>2005-11-29T00:00:00-05:00</EndDate>
    <JobNumber>104</JobNumber>
    <JobDescription>Job 104</JobDescription>
    <TotalProfit>843.28</TotalProfit>
    <TotalBilled>4123.2</TotalBilled>
    <TotalReceived>4123.2</TotalReceived>
    <AmountDue>0</AmountDue>
  </dtJobs>
  <dtJobs>
    <ClientFk>2</ClientFk>
    <ClientName>GOLDGATE CONTRACTING</ClientName>
    <StartDate>2005-02-11T00:00:00-05:00</StartDate>
    <EndDate>2005-03-15T00:00:00-05:00</EndDate>
    <JobNumber>105</JobNumber>
    <JobDescription>Job 105</JobDescription>
    <TotalProfit>182.18</TotalProfit>
    <TotalBilled>879</TotalBilled>
    <TotalReceived>879</TotalReceived>
    <AmountDue>0</AmountDue>
  </dtJobs>
  <dtJobs>
    <ClientFk>2</ClientFk>
    <ClientName />
    <StartDate>2005-05-15T00:00:00-04:00</StartDate>
    <EndDate>2005-06-29T00:00:00-04:00</EndDate>
    <JobNumber>106</JobNumber>
    <JobDescription>Job 106</JobDescription>
    <TotalProfit>263.64</TotalProfit>
    <TotalBilled>4147.23</TotalBilled>
    <TotalReceived>1088</TotalReceived>
    <AmountDue>3059.23</AmountDue>
  </dtJobs>
  <dtJobs>
    <ClientFk>2</ClientFk>
    <ClientName />
    <StartDate>2005-10-15T00:00:00-04:00</StartDate>
    <EndDate>2005-12-12T00:00:00-05:00</EndDate>
    <JobNumber>107</JobNumber>
    <JobDescription>Job 107</JobDescription>
    <TotalProfit>612</TotalProfit>
    <TotalBilled>3943.76</TotalBilled>
    <TotalReceived>3935.01</TotalReceived>
    <AmountDue>8.75</AmountDue>
  </dtJobs>
  <dtJobs>
    <ClientFk>3</ClientFk>
    <ClientName>L &amp; L EXCAVATING INC.</ClientName>
    <StartDate>2005-01-16T00:00:00-05:00</StartDate>
    <EndDate>2005-03-01T00:00:00-05:00</EndDate>
    <JobNumber>108</JobNumber>
    <JobDescription>Job 108</JobDescription>
    <TotalProfit>2331.63</TotalProfit>
    <TotalBilled>14242</TotalBilled>
    <TotalReceived>14242</TotalReceived>
    <AmountDue>0</AmountDue>
  </dtJobs>
  <dtJobs>
    <ClientFk>3</ClientFk>
    <ClientName />
    <StartDate>2005-04-23T00:00:00-04:00</StartDate>
    <EndDate>2005-06-27T00:00:00-04:00</EndDate>
    <JobNumber>109</JobNumber>
    <JobDescription>Job 109</JobDescription>
    <TotalProfit>493</TotalProfit>
    <TotalBilled>2485.31</TotalBilled>
    <TotalReceived>2485.31</TotalReceived>
    <AmountDue>0</AmountDue>
  </dtJobs>
  <dtJobs>
    <ClientFk>3</ClientFk>
    <ClientName />
    <StartDate>2005-07-21T00:00:00-04:00</StartDate>
    <EndDate>2005-09-29T00:00:00-04:00</EndDate>
    <JobNumber>110</JobNumber>
    <JobDescription>Job 110</JobDescription>
    <TotalProfit>8964.59</TotalProfit>
    <TotalBilled>66384.93</TotalBilled>
    <TotalReceived>66384.93</TotalReceived>
    <AmountDue>0</AmountDue>
  </dtJobs>
  <dtJobs>
    <ClientFk>3</ClientFk>
    <ClientName />
    <StartDate>2005-12-02T00:00:00-05:00</StartDate>
    <EndDate>2005-12-29T00:00:00-05:00</EndDate>
    <JobNumber>111</JobNumber>
    <JobDescription>Job 111</JobDescription>
    <TotalProfit>1734.02</TotalProfit>
    <TotalBilled>31826.96</TotalBilled>
    <TotalReceived>31477.4</TotalReceived>
    <AmountDue>349.56</AmountDue>
  </dtJobs>
  <dtJobs>
    <ClientFk>4</ClientFk>
    <ClientName>R &amp; J CONSTRUCTION</ClientName>
    <StartDate>2005-03-11T00:00:00-05:00</StartDate>
    <EndDate>2005-05-27T00:00:00-04:00</EndDate>
    <JobNumber>112</JobNumber>
    <JobDescription>Job 112</JobDescription>
    <TotalProfit>1765.18</TotalProfit>
    <TotalBilled>6419.99</TotalBilled>
    <TotalReceived>6419.99</TotalReceived>
    <AmountDue>0</AmountDue>
  </dtJobs>
  <dtJobs>
    <ClientFk>4</ClientFk>
    <ClientName />
    <StartDate>2005-05-01T00:00:00-04:00</StartDate>
    <EndDate>2005-06-27T00:00:00-04:00</EndDate>
    <JobNumber>113</JobNumber>
    <JobDescription>Job 113</JobDescription>
    <TotalProfit>2036.47</TotalProfit>
    <TotalBilled>4700</TotalBilled>
    <TotalReceived>4700</TotalReceived>
    <AmountDue>0</AmountDue>
  </dtJobs>
  <dtJobs>
    <ClientFk>4</ClientFk>
    <ClientName />
    <StartDate>2005-06-22T00:00:00-04:00</StartDate>
    <EndDate>2005-08-29T00:00:00-04:00</EndDate>
    <JobNumber>114</JobNumber>
    <JobDescription>Job 114</JobDescription>
    <TotalProfit>402.36</TotalProfit>
    <TotalBilled>2980</TotalBilled>
    <TotalReceived>2980</TotalReceived>
    <AmountDue>0</AmountDue>
  </dtJobs>
  <dtJobs>
    <ClientFk>5</ClientFk>
    <ClientName>RIDGE CONTRACTING</ClientName>
    <StartDate>2005-01-11T00:00:00-05:00</StartDate>
    <EndDate>2005-02-15T00:00:00-05:00</EndDate>
    <JobNumber>115</JobNumber>
    <JobDescription>Job 115</JobDescription>
    <TotalProfit>182.18</TotalProfit>
    <TotalBilled>879</TotalBilled>
    <TotalReceived>879</TotalReceived>
    <AmountDue>0</AmountDue>
  </dtJobs>
  <dtJobs>
    <ClientFk>5</ClientFk>
    <ClientName />
    <StartDate>2005-04-15T00:00:00-04:00</StartDate>
    <EndDate>2005-06-29T00:00:00-04:00</EndDate>
    <JobNumber>116</JobNumber>
    <JobDescription>Job 116</JobDescription>
    <TotalProfit>263.64</TotalProfit>
    <TotalBilled>4147.23</TotalBilled>
    <TotalReceived>1088</TotalReceived>
    <AmountDue>3059.23</AmountDue>
  </dtJobs>
  <dtJobs>
    <ClientFk>5</ClientFk>
    <ClientName />
    <StartDate>2005-09-15T00:00:00-04:00</StartDate>
    <EndDate>2005-12-12T00:00:00-05:00</EndDate>
    <JobNumber>117</JobNumber>
    <JobDescription>Job 117</JobDescription>
    <TotalProfit>612</TotalProfit>
    <TotalBilled>3943.76</TotalBilled>
    <TotalReceived>3935.01</TotalReceived>
    <AmountDue>8.75</AmountDue>
  </dtJobs>
  <dtJobs>
    <ClientFk>6</ClientFk>
    <ClientName>TURNBOW CONSTRUCTION</ClientName>
    <StartDate>2005-02-01T00:00:00-05:00</StartDate>
    <EndDate>2005-04-01T00:00:00-05:00</EndDate>
    <JobNumber>118</JobNumber>
    <JobDescription>Job 118</JobDescription>
    <TotalProfit>2331.63</TotalProfit>
    <TotalBilled>14242</TotalBilled>
    <TotalReceived>14242</TotalReceived>
    <AmountDue>0</AmountDue>
  </dtJobs>
  <dtJobs>
    <ClientFk>6</ClientFk>
    <ClientName />
    <StartDate>2005-05-23T00:00:00-04:00</StartDate>
    <EndDate>2005-06-27T00:00:00-04:00</EndDate>
    <JobNumber>119</JobNumber>
    <JobDescription>Job 119</JobDescription>
    <TotalProfit>493</TotalProfit>
    <TotalBilled>2485.31</TotalBilled>
    <TotalReceived>2485.31</TotalReceived>
    <AmountDue>0</AmountDue>
  </dtJobs>
  <dtJobs>
    <ClientFk>6</ClientFk>
    <ClientName />
    <StartDate>2005-07-02T00:00:00-04:00</StartDate>
    <EndDate>2005-09-02T00:00:00-04:00</EndDate>
    <JobNumber>120</JobNumber>
    <JobDescription>Job 120</JobDescription>
    <TotalProfit>8964.59</TotalProfit>
    <TotalBilled>66384.93</TotalBilled>
    <TotalReceived>66384.93</TotalReceived>
    <AmountDue>0</AmountDue>
  </dtJobs>
  <dtJobs>
    <ClientFk>6</ClientFk>
    <ClientName />
    <StartDate>2005-11-02T00:00:00-05:00</StartDate>
    <EndDate>2005-12-09T00:00:00-05:00</EndDate>
    <JobNumber>121</JobNumber>
    <JobDescription>Job 121</JobDescription>
    <TotalProfit>1734.02</TotalProfit>
    <TotalBilled>31826.96</TotalBilled>
    <TotalReceived>31477.4</TotalReceived>
    <AmountDue>349.56</AmountDue>
  </dtJobs>
  <dtJobs>
    <ClientFk>7</ClientFk>
    <ClientName>KEN TONTON INC</ClientName>
    <StartDate>2005-02-11T00:00:00-05:00</StartDate>
    <EndDate>2005-06-27T00:00:00-04:00</EndDate>
    <JobNumber>122</JobNumber>
    <JobDescription>Job 122</JobDescription>
    <TotalProfit>1765.18</TotalProfit>
    <TotalBilled>6419.99</TotalBilled>
    <TotalReceived>6419.99</TotalReceived>
    <AmountDue>0</AmountDue>
  </dtJobs>
  <dtJobs>
    <ClientFk>7</ClientFk>
    <ClientName />
    <StartDate>2005-07-01T00:00:00-04:00</StartDate>
    <EndDate>2005-08-27T00:00:00-04:00</EndDate>
    <JobNumber>123</JobNumber>
    <JobDescription>Job 123</JobDescription>
    <TotalProfit>2036.47</TotalProfit>
    <TotalBilled>4700</TotalBilled>
    <TotalReceived>4700</TotalReceived>
    <AmountDue>0</AmountDue>
  </dtJobs>
  <dtJobs>
    <ClientFk>7</ClientFk>
    <ClientName />
    <StartDate>2005-08-12T00:00:00-04:00</StartDate>
    <EndDate>2005-10-29T00:00:00-04:00</EndDate>
    <JobNumber>124</JobNumber>
    <JobDescription>Job 124</JobDescription>
    <TotalProfit>402.36</TotalProfit>
    <TotalBilled>2980</TotalBilled>
    <TotalReceived>2980</TotalReceived>
    <AmountDue>0</AmountDue>
  </dtJobs>
</dsGantt>