<?xml version="1.0" standalone="yes"?>
<dsTimeSheets>
  <xs:schema id="dsTimeSheets" xmlns="" xmlns:xs="http://www.w3.org/2001/XMLSchema" xmlns:msdata="urn:schemas-microsoft-com:xml-msdata">
    <xs:element name="dsTimeSheets" msdata:IsDataSet="true" msdata:UseCurrentLocale="true">
      <xs:complexType>
        <xs:choice minOccurs="0" maxOccurs="unbounded">
          <xs:element name="dtEmployees">
            <xs:complexType>
              <xs:sequence>
                <xs:element name="DivisionFK" type="xs:int" minOccurs="0" />
                <xs:element name="WorkerPK" type="xs:int" minOccurs="0" />
                <xs:element name="FirstName" type="xs:string" minOccurs="0" />
                <xs:element name="LastName" type="xs:string" minOccurs="0" />
                <xs:element name="EmployeeFlag" type="xs:boolean" minOccurs="0" />
                <xs:element name="RegularHours" type="xs:decimal" minOccurs="0" />
                <xs:element name="OtHours" type="xs:decimal" minOccurs="0" />
                <xs:element name="TotHours" type="xs:decimal" minOccurs="0" />
                <xs:element name="TotalLabor" type="xs:decimal" minOccurs="0" />
              </xs:sequence>
            </xs:complexType>
          </xs:element>
          <xs:element name="dtDivisions">
            <xs:complexType>
              <xs:sequence>
                <xs:element name="DivisionFK" type="xs:int" minOccurs="0" />
                <xs:element name="Description" type="xs:string" minOccurs="0" />
                <xs:element name="RegularHours" type="xs:decimal" minOccurs="0" />
                <xs:element name="OtHours" type="xs:decimal" minOccurs="0" />
                <xs:element name="TotHours" type="xs:decimal" minOccurs="0" />
                <xs:element name="TotalLabor" type="xs:decimal" minOccurs="0" />
              </xs:sequence>
            </xs:complexType>
          </xs:element>
          <xs:element name="dtTimeDetails">
            <xs:complexType>
              <xs:sequence>
                <xs:element name="DivisionFK" type="xs:int" minOccurs="0" />
                <xs:element name="WorkerFK" type="xs:int" minOccurs="0" />
                <xs:element name="WorkDate" type="xs:dateTime" minOccurs="0" />
                <xs:element name="JobMasterFK" type="xs:int" minOccurs="0" />
                <xs:element name="RegularHours" type="xs:decimal" minOccurs="0" />
                <xs:element name="OTHours" type="xs:decimal" minOccurs="0" />
                <xs:element name="TotHours" type="xs:decimal" minOccurs="0" />
                <xs:element name="hourlyrate" type="xs:decimal" minOccurs="0" />
                <xs:element name="otrate" type="xs:decimal" minOccurs="0" />
                <xs:element name="overheadrate" type="xs:decimal" minOccurs="0" />
                <xs:element name="TotalLabor" type="xs:decimal" minOccurs="0" />
              </xs:sequence>
            </xs:complexType>
          </xs:element>
          <xs:element name="dtJobs">
            <xs:complexType>
              <xs:sequence>
                <xs:element name="JobMasterPK" type="xs:int" minOccurs="0" />
                <xs:element name="Description" type="xs:string" minOccurs="0" />
              </xs:sequence>
            </xs:complexType>
          </xs:element>
        </xs:choice>
      </xs:complexType>
    </xs:element>
  </xs:schema>
  <dtEmployees>
    <DivisionFK>1</DivisionFK>
    <WorkerPK>2</WorkerPK>
    <FirstName>Rex                                               </FirstName>
    <LastName>Anderson                                          </LastName>
    <EmployeeFlag>true</EmployeeFlag>
    <RegularHours>14.25</RegularHours>
    <OtHours>0.00</OtHours>
    <TotHours>14.25</TotHours>
    <TotalLabor>489.49</TotalLabor>
  </dtEmployees>
  <dtEmployees>
    <DivisionFK>1</DivisionFK>
    <WorkerPK>1</WorkerPK>
    <FirstName>John                                              </FirstName>
    <LastName>Smith                                             </LastName>
    <EmployeeFlag>true</EmployeeFlag>
    <RegularHours>16.00</RegularHours>
    <OtHours>4.00</OtHours>
    <TotHours>20.00</TotHours>
    <TotalLabor>627.00</TotalLabor>
  </dtEmployees>
  <dtEmployees>
    <DivisionFK>2</DivisionFK>
    <WorkerPK>2</WorkerPK>
    <FirstName>Rex                                               </FirstName>
    <LastName>Anderson                                          </LastName>
    <EmployeeFlag>true</EmployeeFlag>
    <RegularHours>0.50</RegularHours>
    <OtHours>0.00</OtHours>
    <TotHours>0.50</TotHours>
    <TotalLabor>17.18</TotalLabor>
  </dtEmployees>
  <dtEmployees>
    <DivisionFK>2</DivisionFK>
    <WorkerPK>3</WorkerPK>
    <FirstName>Alan                                              </FirstName>
    <LastName>Boone                                             </LastName>
    <EmployeeFlag>false</EmployeeFlag>
    <RegularHours>8.00</RegularHours>
    <OtHours>0.00</OtHours>
    <TotHours>8.00</TotHours>
    <TotalLabor>219.12</TotalLabor>
  </dtEmployees>
  <dtEmployees>
    <DivisionFK>2</DivisionFK>
    <WorkerPK>1</WorkerPK>
    <FirstName>John                                              </FirstName>
    <LastName>Smith                                             </LastName>
    <EmployeeFlag>true</EmployeeFlag>
    <RegularHours>4.00</RegularHours>
    <OtHours>0.00</OtHours>
    <TotHours>4.00</TotHours>
    <TotalLabor>126.20</TotalLabor>
  </dtEmployees>
  <dtDivisions>
    <DivisionFK>1</DivisionFK>
    <Description>New England                                       </Description>
    <RegularHours>30.25</RegularHours>
    <OtHours>4.00</OtHours>
    <TotHours>34.25</TotHours>
    <TotalLabor>1116.49</TotalLabor>
  </dtDivisions>
  <dtDivisions>
    <DivisionFK>2</DivisionFK>
    <Description>Mid-Atlantic                                      </Description>
    <RegularHours>12.50</RegularHours>
    <OtHours>0.00</OtHours>
    <TotHours>12.50</TotHours>
    <TotalLabor>362.50</TotalLabor>
  </dtDivisions>
  <dtTimeDetails>
    <DivisionFK>1</DivisionFK>
    <WorkerFK>1</WorkerFK>
    <WorkDate>2006-01-02T00:00:00-05:00</WorkDate>
    <JobMasterFK>1</JobMasterFK>
    <RegularHours>8.00</RegularHours>
    <OTHours>1.00</OTHours>
    <TotHours>9.00</TotHours>
    <hourlyrate>20.00</hourlyrate>
    <otrate>30.00</otrate>
    <overheadrate>9.35</overheadrate>
    <TotalLabor>274.15</TotalLabor>
  </dtTimeDetails>
  <dtTimeDetails>
    <DivisionFK>1</DivisionFK>
    <WorkerFK>1</WorkerFK>
    <WorkDate>2006-01-02T00:00:00-05:00</WorkDate>
    <JobMasterFK>2</JobMasterFK>
    <RegularHours>0.00</RegularHours>
    <OTHours>2.00</OTHours>
    <TotHours>2.00</TotHours>
    <hourlyrate>20.00</hourlyrate>
    <otrate>30.00</otrate>
    <overheadrate>9.35</overheadrate>
    <TotalLabor>78.70</TotalLabor>
  </dtTimeDetails>
  <dtTimeDetails>
    <DivisionFK>1</DivisionFK>
    <WorkerFK>1</WorkerFK>
    <WorkDate>2006-01-03T00:00:00-05:00</WorkDate>
    <JobMasterFK>1</JobMasterFK>
    <RegularHours>8.00</RegularHours>
    <OTHours>1.00</OTHours>
    <TotHours>9.00</TotHours>
    <hourlyrate>20.00</hourlyrate>
    <otrate>30.00</otrate>
    <overheadrate>9.35</overheadrate>
    <TotalLabor>274.15</TotalLabor>
  </dtTimeDetails>
  <dtTimeDetails>
    <DivisionFK>1</DivisionFK>
    <WorkerFK>2</WorkerFK>
    <WorkDate>2006-01-02T00:00:00-05:00</WorkDate>
    <JobMasterFK>3</JobMasterFK>
    <RegularHours>7.00</RegularHours>
    <OTHours>0.00</OTHours>
    <TotHours>7.00</TotHours>
    <hourlyrate>25.00</hourlyrate>
    <otrate>0.00</otrate>
    <overheadrate>9.35</overheadrate>
    <TotalLabor>240.45</TotalLabor>
  </dtTimeDetails>
  <dtTimeDetails>
    <DivisionFK>1</DivisionFK>
    <WorkerFK>2</WorkerFK>
    <WorkDate>2006-01-03T00:00:00-05:00</WorkDate>
    <JobMasterFK>3</JobMasterFK>
    <RegularHours>7.25</RegularHours>
    <OTHours>0.00</OTHours>
    <TotHours>7.25</TotHours>
    <hourlyrate>25.00</hourlyrate>
    <otrate>0.00</otrate>
    <overheadrate>9.35</overheadrate>
    <TotalLabor>249.04</TotalLabor>
  </dtTimeDetails>
  <dtTimeDetails>
    <DivisionFK>2</DivisionFK>
    <WorkerFK>1</WorkerFK>
    <WorkDate>2006-01-09T00:00:00-05:00</WorkDate>
    <JobMasterFK>4</JobMasterFK>
    <RegularHours>4.00</RegularHours>
    <OTHours>0.00</OTHours>
    <TotHours>4.00</TotHours>
    <hourlyrate>22.00</hourlyrate>
    <otrate>0.00</otrate>
    <overheadrate>9.55</overheadrate>
    <TotalLabor>126.20</TotalLabor>
  </dtTimeDetails>
  <dtTimeDetails>
    <DivisionFK>2</DivisionFK>
    <WorkerFK>2</WorkerFK>
    <WorkDate>2006-01-02T00:00:00-05:00</WorkDate>
    <JobMasterFK>4</JobMasterFK>
    <RegularHours>0.50</RegularHours>
    <OTHours>0.00</OTHours>
    <TotHours>0.50</TotHours>
    <hourlyrate>25.00</hourlyrate>
    <otrate>0.00</otrate>
    <overheadrate>9.35</overheadrate>
    <TotalLabor>17.18</TotalLabor>
  </dtTimeDetails>
  <dtTimeDetails>
    <DivisionFK>2</DivisionFK>
    <WorkerFK>3</WorkerFK>
    <WorkDate>2006-01-03T00:00:00-05:00</WorkDate>
    <JobMasterFK>4</JobMasterFK>
    <RegularHours>8.00</RegularHours>
    <OTHours>0.00</OTHours>
    <TotHours>8.00</TotHours>
    <hourlyrate>22.50</hourlyrate>
    <otrate>0.00</otrate>
    <overheadrate>4.89</overheadrate>
    <TotalLabor>219.12</TotalLabor>
  </dtTimeDetails>
  <dtJobs>
    <JobMasterPK>1</JobMasterPK>
    <Description>Job #1                                            </Description>
  </dtJobs>
  <dtJobs>
    <JobMasterPK>2</JobMasterPK>
    <Description>Job #2                                            </Description>
  </dtJobs>
  <dtJobs>
    <JobMasterPK>3</JobMasterPK>
    <Description>Job #3                                            </Description>
  </dtJobs>
  <dtJobs>
    <JobMasterPK>4</JobMasterPK>
    <Description>Job #4                                            </Description>
  </dtJobs>
</dsTimeSheets>